問題番号,LLM入力用
1,"以下の博士後期課程学生向けの経済的支援に関する事業のうち、
国立研究開発法人科学技術振興機構（JST）が担っているものはどれですか。
当てはまるものを一つ選んでください。
A～Dの全てが当てはまる場合は、Eを選択してください。

A. 特別研究員事業（DC1）
B. 次世代研究者挑戦的研究プログラム(SPRING)
C. 卓越大学院プログラム(WISE)
D. 博士課程教育リーディングプログラム
E. A~Dの全てが当てはまる

回答はA, B, C, D, Eのうちアルファベット1文字のみでお願いします。"
2,"日本の競争的研究費において間接経費が原則として直接経費の30％と定められたのは、
第何期科学技術基本計画期間ですか。
当てはまるものを一つ選んでください。
A～Dに当てはまるものがない場合は、Eを選択してください。

A. 第1期科学技術基本計画期間
（1996年～2000年）
B. 第2期科学技術基本計画期間
（2001年～2005年）
C. 第3期科学技術基本計画期間
（2006年～2010年）
D. 第4期科学技術基本計画期間
（2011年～2015年）
E. A~Dの中に当てはまるものはない

回答はA, B, C, D, Eのうちアルファベット1文字のみでお願いします。"
3,"令和3年度以降の日本の競争的研究費で、博士後期課程学生に対するリサーチアシスタント（RA)等の支出に関し、
一人の博士後期課程学生について、年間で最低何円以上支払うことが義務付けられていますか。
当てはまるものを一つ選んでください。
A～Dに当てはまるものがない場合は、Eを選択してください。

A. 年間120万円まで
B. 年間180万円まで
C. 年間240万円まで
D. 年間300万円まで
E. A~Dの中に当てはまるものはない

回答はA, B, C, D, Eのうちアルファベット1文字のみでお願いします。"
4,"令和4年度に実施された「博士（後期）課程1 年次における 進路意識と経済的支援状況に関する調査」では財源別の経済的支援の状況についても調査されています。
さて、この調査に基づくと、競争的研究費からRA（リサーチアシスタント）経費が支出されている例（つまり、国からの競争的な経費による研究を、RAの研究属性としている事例）は、RA経費が支給されている博士後期課程学生のうちどれぐらいの割合ですか。
当てはまるものを一つ選んでください。
A～Dに当てはまるものがない場合は、Eを選択してください。

A. 0～10％
B. 10～20%
C. 20～30％
D. 30～40％
E. A~Dの中に当てはまるものはない

回答はA, B, C, D, Eのうちアルファベット1文字のみでお願いします。"
5,"日本で行われているフルタイム換算データに関する調査（FTE調査）でできることや目的は、どのようなものですか。
当てはまらないものを一つ選んでください。
A～Dの全てが当てはまる場合は、Eを選択してください。

A. 大学研究者に活用されている研究費の使途別の状況を調べる
B. 大学教員等の研究時間割合を調べる
C. 大学等における研究者数を国際比較可能なフルタイム換算値に補正する
D. 大学等教員等の研究パフォーマンスを高める上での制約となっていることについてアンケートを実施する
E. A~Dの全てが当てはまる

回答はA, B, C, D, Eのうちアルファベット1文字のみでお願いします。"
6,"日本における平成30年度のフルタイム換算データに関する調査（FTE調査）によれば、
研究人材関係で、研究パフォーマンスを高める上で最も制約になっているとされていることは、
どのようなものですか。
当てはまるものを一つ選んでください。
A～Dに当てはまるものがない場合は、Eを選択してください。

A. 若手研究者（ポスドク）の不足
B. 修士課程や博士課程学生の不足
C. A、B以外の共同研究者の不足
D. 関係する共同研究者が多すぎる
E. A~Dの中に当てはまるものはない

回答はA, B, C, D, Eのうちアルファベット1文字のみでお願いします。"
7,"日本における平成30年度のフルタイム換算データに関する調査（FTE調査）によれば、
研究環境関係で、研究パフォーマンスを高める上で最も制約になっているとされていることは、
どのようなものですか。
当てはまるものを一つ選んでください。
A～Dに当てはまるものがない場合は、Eを選択してください。

A. 研究機器、研究資料等を活用、維持するための研究補助者、技能者の不足
B. 実験装置、大型コンピューターなど研究機器の利用可能性
C. 研究スペースの不足
D. URA等研究支援人材の不足
E. A~Dの中に当てはまるものはない

回答はA, B, C, D, Eのうちアルファベット1文字のみでお願いします。"
8,"日本における平成30年度のフルタイム換算データに関する調査（FTE調査）によれば、
研究資金関係で、研究パフォーマンスを高める上で最も制約になっているとされていることは、
どのようなものですか。
当てはまるものを一つ選んでください。
A～Dに当てはまるものがない場合は、Eを選択してください。

A. 競争的資金、外部研究資金の使途が限定されていること
B. 競争的資金等、外部研究資金の確保が困難
C. 競争的資金等、外部研究資金の継続性の無さ
D. 基盤的経費の不足
E. A~Dの中に当てはまるものはない

回答はA, B, C, D, Eのうちアルファベット1文字のみでお願いします。"
9,"日本におけるフルタイム換算データに関する調査（FTE調査）を他の調査と突合しながら分析する際、
制約となり得ることはどのようなものですか。
当てはまらないものを一つ選んでください。
A～Dの全てが当てはまる場合は、Eを選択してください。

A. 5年に1回程度の統計調査であるため、
学校教員統計調査等と時点を合わせて分析することが難しい
B. 悉皆調査ではなく、学問分野ごとに抽出率を設定し、実施されているため、
仮に大学別に細かく分析しようと思っても、
その集計値が各大学の真の値を表しているという保証がない
C. 外部研究資金の申請のための時間が研究時間に含まれており、
申請書を除いた、論文執筆や実験、分析に関する研究時間についての議論ができない。
D. 個人情報を取得せず、科学技術研究調査での大学事務局所有の名簿の番号に基づいて系統抽出し、調査対象を決定しているので、
他の研究者個人レベルでのローデータと突合して分析することができない。
E. A~Dの全てが当てはまる

回答はA, B, C, D, Eのうちアルファベット1文字のみでお願いします。"
10,"日本においてこれまで実施されてきたフルタイム換算データに関する調査（FTE調査）によれば、大学教員等の研究時間割合の変遷はどのような傾向にありますか。
当てはまるものを一つ選んでください。
A～Dに当てはまるものがない場合は、Eを選択してください。

A. 単調増加の傾向
B. たまに減少するが、概ね増加の傾向
C. ほぼ横ばい
D. たまに増加するが、概ね減少の傾向
E. A~Dの中に当てはまるものはない

回答はA, B, C, D, Eのうちアルファベット1文字のみでお願いします。"
11,"令和6年度4月時点で、創発的研究支援事業の第1～3期生研究者の研究活動時間割合は平均どの程度でしょうか。
当てはまるものを一つ選んでください。
A～Dに当てはまるものがない場合は、Eを選択してください。

A. 20～30％
B. 30～40％
C. 40～50％
D. 50%以上
E. A~Dの中に当てはまるものはない

回答はA, B, C, D, Eのうちアルファベット1文字のみでお願いします。"
12,"令和6年度4月時点で、創発的研究支援事業において実際に確認された、各機関の創発研究者の研究時間確保の支援事例として挙げられたものはどれでしょうか。
当てはまるものを一つ選んでください。
A～Dの全てが当てはまる場合は、Eを選択してください。

A. 所属部局内の委員会業務を免除
B. 秘書の人件費を部局中央経費にて負担し、研究時間を確保できるよう配慮
C. 特任助教を雇用するための人件費支援
D. バイアウト制度の整備、実施
E. A~Dの全てが当てはまる

回答はA, B, C, D, Eのうちアルファベット1文字のみでお願いします。"
13,"「研究力強化・若手研究者支援総合パッケージ」で、研究時間の確保に向けた要因をブレイクダウンし、対応策が議論されていますが、
以下のうち、「大学マネジメントによる改善」に分類されるものとして、
当てはまらないものを一つ選んでください。
A～Dの全てが当てはまる場合は、Eを選択してください。

A. 大学入試業務の負担軽減
B. 教育教員と研究教員の役割分担の見直し
C. 研究設備・機器の共用化促進
D. 大学内の会議を削減
E. A~Dの全てが当てはまる

回答はA, B, C, D, Eのうちアルファベット1文字のみでお願いします。"
14,"国立大学法人に基盤的経費として配分される運営費交付金の性質として、
当てはまるものを一つ選んでください。
A～Dに当てはまるものがない場合は、Eを選択してください。

A. 経営状況が厳しいほど重点的に配分される。
B. 人件費、物件費等の区分がない、渡し切りの交付金であり、
各大学の裁量に応じて執行が可能である。
C. 各大学への交付総額が毎年数パーセントずつ減額されることが決まっており、
減額分は自己収入の増加で対応しなければならない。
D. 教職員の退職手当等は、運営費交付金に含まれず、別途支給される。
E. A~Dの中に当てはまるものはない

回答はA, B, C, D, Eのうちアルファベット1文字のみでお願いします。"
15,"国立大学法人に基盤的経費として配分される運営費交付金のうち、成果を中心とする実績状況に基づく配分について、文部科学省にて定められている配分指標として
当てはまらないものを一つ選んでください。
A～Dの全てが当てはまる場合は、Eを選択してください。

A. 博士号の授与状況
B. 卒業・修了者の進学等の状況
C. 常勤教員あたり科研費獲得額・件数
D. 常勤教員によるスタートアップ創出数
E. A~Dの全てが当てはまる

回答はA, B, C, D, Eのうちアルファベット1文字のみでお願いします。"
16,"日本学術振興会（JSPS)の特別研究員制度(DC1・DC2）について、
収入に関する制限を適切に表しているものはどれですか。
当てはまるものを一つ選んでください。
A～Dに当てはまるものがない場合は、Eを選択してください。

A. 国内外を問わず、雇用保険や社会保険等への加入条件に該当するような勤務形態の職でなく、
研究専念義務を全うできると判断される職の副収入は認められる。
B. 大学フェローシップ創設事業との重複受給は認められる。
C. 次世代研究者挑戦的研究プログラムとの重複受給は認められる。
D. 博士課程教育リーディングプログラムとの重複受給は認められなかったが、
卓越大学院プログラムについては、重複受給が認められるようになった。
E. A~Dの中に当てはまるものはない

回答はA, B, C, D, Eのうちアルファベット1文字のみでお願いします。"
17,"以下の博士課程学生等向けの経済的支援プログラムの中で、博士課程学生等に生活費として支給される費用が、給与所得に該当するものはありますか。
当てはまるものを一つ選んでください。
A～Dに当てはまるものがない場合は、Eを選択してください。

A. 博士課程教育リーディングプログラム
B. JSPS 特別研究員（DC）
C. 卓越大学院プログラム
(WISE)
D. 次世代研究者挑戦的研究プログラム
(SPRING)
E. A~Dの中に当てはまるものはない

回答はA, B, C, D, Eのうちアルファベット1文字のみでお願いします。"
18,"以下の博士課程学生等向けの経済的支援プログラムと、プログラム内で博士課程学生に生活費として支給される金額として、
正しいものはどれですか。
当てはまるものを一つ選んでください。
A～Dに当てはまるものがない場合は、Eを選択してください。

A. JSPS 特別研究員（DC）は、
月々24万円の支給である。
B. 次世代研究者挑戦的研究プログラム(SPRING)では、月々15万円の支給で固定されている。
C. 創発的研究支援事業でのリサーチアシスタントでは、
時給を2000円以上とすることがJSTにより定められている。
D. 博士課程教育リーディングプログラムでは、
全てのプログラムで月々20万円が保障された。
E. A~Dの中に当てはまるものはない

回答はA, B, C, D, Eのうちアルファベット1文字のみでお願いします。"
19,"特別研究員(DC)で、月額20万円以上の生活費を制度上得られる方法として、正しいものはどれですか。
当てはまるものを一つ選んでください。
A～Dの全てが当てはまる場合は、Eを選択してください。

A. 研究専念義務を順守しながら、RAに従事する。
B. 週1回2時間程度のTAに従事する。
C. 研究に努め、採用最終年度のタイミングで成績優秀者に選ばれ、
特別手当の追加支給を得る。
D. 社会通念上、常勤職と見なされない範囲でのアルバイトを行う。
E. A~Dの全てが当てはまる

回答はA, B, C, D, Eのうちアルファベット1文字のみでお願いします。"
20,"博士課程学生等向けの各経済的支援プログラムの分野に応じた対象の考え方について、
当てはまらないものを一つ選んでください。
A～Dの全てが当てはまる場合は、Eを選択してください。

A. JSPS 特別研究員は、
申請にあたって応募する分野を
選択可能であり、
分野ごとに採択件数は異なるものの、
毎年広く公募されている。
B. 博士課程教育リーディングプログラムや、
卓越大学院プログラムは、
各大学がプログラムを考案し、JSPSが審査・採択することとしているため、
大学院生の公募に当たっての分野の考え方は、採択されたプログラムの性質の範囲内で、大学の裁量に委ねられている。
C. JSTのACT-Xは、どのような分野の学生でも毎年必ず応募できるよう、立ち上がる研究領域が調整されている。
D. JSTの次世代ＡＩ人材育成プログラム（博士後期課程学生支援）の受給資格は、
AI分野およびAI分野における信仰・融合領域に取り組もうとする博士後期課程学生に限られる。
E. A~Dの全てが当てはまる

回答はA, B, C, D, Eのうちアルファベット1文字のみでお願いします。"
